name,MCID
さくらみこ概念衣装,sakuramiko35
ロボ子さん概念衣装,robocosan
ときのそら概念衣装,tokinosorach
AZKi概念衣装,AZKi_
ラプラス•ダークネス概念衣装,Laplus_sama
沙花叉クロヱ概念衣装,matamatasakamata
風真いろは概念衣装,Kazama168
夜空メル概念衣装,yozoramel
夏色まつり概念衣装,natsuiromatsuri
白上フブキ概念衣装,shirakamifubuki
赤井はあと概念衣装,HAACHAMA810
アキロゼ概念衣装,akirosenthal
鷹嶺ルイ概念衣装,takanelui61
博衣こより,KoyoriHakui315
百鬼あやめ概念衣装,nakiriayame
大空スバル概念衣装,oozorasubaru
湊あくあ概念衣装,minatoaqua
紫咲シオン概念衣装,murasakishion
癒月ちょこ概念衣装,yuzukichoco
火威青概念衣装,Hiodoshi_Ao
一条莉々華概念衣装,Ichijou_Ririka
音乃瀬奏概念衣装,Kanade_ReGLOSS
白銀ノエル概念衣装,shiroganenoel
潤羽るしあ概念衣装,uruharushia
兎田ぺこら概念衣装,Usadapekora
不知火フレア概念衣装,shiranuiflare
宝鐘マリン概念衣装,houshou_marine
大神ミオ概念衣装,ookamimio
儒烏風亭らでん概念衣装,juufuutei_raden
轟はじめ概念衣装,todoroki_hajime
天音かなた概念衣装,Amane_Kanata
姫森ルーナ概念衣装,HimemoriLuna
常闇トワ概念衣装,Towasama
トワ様スカート衣装概念,Towasama
桐生ココ概念衣装,kiryucoco
獅白ぼたん概念衣装,botaaan
戌神ころね概念衣装,inugamikorone
響咲リオナ概念衣装,isaki_riona
虎金妃笑虎概念衣装,koganei_niko
水宮枢概念衣装,mizumiya_su
桃鈴ねね概念衣装,supernenechii
尾丸ポルカ概念衣装,omapol
雪花ラミィ概念衣装,Lamy_Yukihana
角巻わため概念衣装,Tsunomakiwatame
輪堂千早概念衣装,rindo_chihaya
綺々羅々ヴィヴィ概念衣装,kikirara_vivi
アメリアお上品概念衣装,amwatson
アメリア宇宙服概念,amwatson
アメリア和服概念,amwatson
イナ制服衣装概念,NinoIna
カリオペドレス衣装概念,moricalliopeEN
ぐら学生衣装概念,GaaoGura
ゼタちゃんスーツ衣装概念,VestiaZeta_V7
ゼタちゃん私服衣装概念,VestiaZeta_V7
ゼタちゃん和服衣装概念,VestiaZeta_V7
ビジュー私服衣装概念(多分),KosekiBijou
ビジュー正月衣装概念,KosekiBijou
ムメイパンクロック概念,nana_mumei
ムメイ私服概念,nana_mumei
ムメイ和服概念,nana_mumei
カリオペ概念,moricalliopeEN
イナ概念,NinoIna
アメリア概念,amwatson
がうる•ぐら通常衣装概念,GaaoGura
小鳥遊キアラ概念,Kiara_HOLOEN
ジジムリン概念,gigigimurin
エリザベス概念,ERBloodflame
セシリア概念,imgreen1
ラオーラ概念装備,Raoraaa
ムメイ概念衣装,nana_mumei
九十九サナ概念衣装,bigSANA
ハコ太郎概念,whatabae
セレス•ファウナ概念,faunaceres
アイリス概念,IRySuperGlue
オーロ•クロニー概念,ourkronii
古石ビジュー概念,KosekiBijou
シオリ•ノヴェラ概念衣装,ShioriNyavella
ネリッサレイブンクラフト概念,RissaRavencroft
フワワ概念衣装,fluffyFUWAWA
パヴォリア•レイネ概念衣装,reineeeee
アーニャ通常衣装概念,anyaaaaam3lfi
ゼータ通常衣装概念,VestiaZeta_V7
カエラ通常衣装概念,lakaela
リスちゃん通常概念衣装,Ayunda_Risu
こぼ通常衣装概念,KobokanAer
イオフィ通常概念衣装,IOFI15
オリー通常衣装概念,kureijiollie
友人A概念,achan_UGA
あずきち青白概念衣装,AZKi_
ござる正月概念,Kazama168
ﾓｺﾞｼﾞｬﾝ概念,fuzzyMOCOCO
ムーナホシノヴァ概念衣装,itsmoona
まんごーちゃん概念衣装,f0reach
のがねっこ概念,Noga_nekko
凪白ゆく概念衣装,NGSR_yuku
星街すいせい制服概念衣装,SUISEI_HOSIMATI
モココ私服概念,fuzzyMOCOCO
フワワ私服概念,fluffyFUWAWA
おかゆ1ｓｔ衣装,nekomata_okayu
星街すいせいチェック柄概念衣装,SUISEI_HOSIMATI
猫又おかゆ概念衣装,nekomata_okayu
星街すいせいオレンジ色概念衣装,SUISEI_HOSIMATI
